{"chunk_definitions":[{"row":35,"row_count":1,"visible":true,"expansion_state":0,"options":{"engine":"r","label":"Setup","include":false,"dev":"png"},"document_id":"44B7292A","chunk_id":"csetup_chunk","chunk_label":"Setup"},{"row":41,"row_count":1,"visible":true,"expansion_state":0,"options":{"engine":"r","label":"Bibliotecas","dev":"png"},"document_id":"44B7292A","chunk_id":"ct2zytqs39orn","chunk_label":"Bibliotecas"},{"row":61,"row_count":1,"visible":true,"expansion_state":0,"options":{"engine":"r","label":"BIBCreation","echo":true,"dev":"png"},"document_id":"44B7292A","chunk_id":"cyi39w8tmrg8o","chunk_label":"BIBCreation"},{"row":76,"row_count":1,"visible":true,"expansion_state":0,"options":{"engine":"r","label":"BaseOrganizada","echo":true,"dev":"png"},"document_id":"44B7292A","chunk_id":"c743dn9vh25u4","chunk_label":"BaseOrganizada"},{"row":91,"row_count":1,"visible":true,"expansion_state":0,"options":{"engine":"r","label":"RespostaGerada","echo":true,"dev":"png"},"document_id":"44B7292A","chunk_id":"cdk9oeggqpqg8","chunk_label":"RespostaGerada"},{"row":97,"row_count":1,"visible":true,"expansion_state":0,"options":{"engine":"r","label":"Bartlett","dev":"png"},"document_id":"44B7292A","chunk_id":"cuf1h02pcn171","chunk_label":"Bartlett"},{"row":104,"row_count":1,"visible":true,"expansion_state":0,"options":{"engine":"r","label":"BoxPlot","fig.cap":"Boxplot de y para cada sabor de bebida","dev":"png"},"document_id":"44B7292A","chunk_id":"clwib217y85oj","chunk_label":"BoxPlot"},{"row":110,"row_count":1,"visible":true,"expansion_state":0,"options":{"engine":"r","label":"MediasTratamentos","echo":true,"dev":"png"},"document_id":"44B7292A","chunk_id":"c8b4nuqptyo2n","chunk_label":"MediasTratamentos"},{"row":116,"row_count":1,"visible":true,"expansion_state":0,"options":{"engine":"r","label":"DPTratamentos","echo":true,"dev":"png"},"document_id":"44B7292A","chunk_id":"cg7xoigvhrzg8","chunk_label":"DPTratamentos"},{"row":127,"row_count":1,"visible":true,"expansion_state":0,"options":{"engine":"r","label":"CVTratamentos","echo":true,"dev":"png"},"document_id":"44B7292A","chunk_id":"c7zwrscsgoql1","chunk_label":"CVTratamentos"},{"row":133,"row_count":1,"visible":true,"expansion_state":0,"options":{"engine":"r","label":"Delineamento","echo":true,"dev":"png"},"document_id":"44B7292A","chunk_id":"cynvetkq8hebc","chunk_label":"Delineamento"}],"doc_write_time":1739112632,"chunk_rendered_width":700}